/* Create Tables */
PRAGMA foreign_keys = ON;
DROP TABLE IF EXISTS Artist;
CREATE TABLE Artist (
    artist_id INTEGER PRIMARY KEY,
    artist_name TEXT NOT NULL,
    website TEXT
);
DROP TABLE IF EXISTS Artwork;
CREATE TABLE Artwork (
    artwork_id INTEGER PRIMARY KEY,
    artist_id INTEGER,
    artwork_url TEXT,
    FOREIGN KEY (artist_id) REFERENCES Artist(artist_id)
);
DROP TABLE IF EXISTS Tag;
CREATE TABLE Tag (
    tag_id INTEGER PRIMARY KEY,
    tag_name TEXT NOT NULL
);
DROP TABLE IF EXISTS Rating;
CREATE TABLE Rating (
    rating_id INTEGER PRIMARY KEY,
    rating_name TEXT NOT NULL
);
DROP TABLE IF EXISTS Gallery;
CREATE TABLE Gallery (
    gallery_id INTEGER PRIMARY KEY,
	gallery_name TEXT NOT NULL
);
/* */
DROP TABLE IF EXISTS Artwork_Tag;
CREATE TABLE Artwork_Tag (
    artwork_id INTEGER,
    tag_id INTEGER,
    PRIMARY KEY (artwork_id, tag_id),
    FOREIGN KEY (artwork_id) REFERENCES Artwork(artwork_id),
    FOREIGN KEY (tag_id) REFERENCES Tag(tag_id)
);
DROP TABLE IF EXISTS Artwork_Rating;
CREATE TABLE Artwork_Rating (
    artwork_id INTEGER,
    rating_id INTEGER,
    PRIMARY KEY (artwork_id, rating_id),
    FOREIGN KEY (artwork_id) REFERENCES Artwork(artwork_id),
    FOREIGN KEY (rating_id) REFERENCES Rating(rating_id)
);
DROP TABLE IF EXISTS Gallery_Artwork;
CREATE TABLE Gallery_Artwork (
	gallery_id INTEGER,
	artwork_id INTEGER,
	PRIMARY KEY (gallery_id, artwork_id),
	FOREIGN KEY (gallery_id) REFERENCES Gallery(gallery_id),
	FOREIGN KEY (artwork_id) REFERENCES Artwork(artwork_id)
);
DROP TABLE IF EXISTS Rating_Tag;
CREATE TABLE Rating_Tag (
    rating_id INTEGER,
    tag_id INTEGER,
    PRIMARY KEY (rating_id, tag_id),
    FOREIGN KEY (rating_id) REFERENCES Rating(rating_id),
    FOREIGN KEY (tag_id) REFERENCES Tag(tag_id)
);
DROP TABLE IF EXISTS Gallery_Rating;
CREATE TABLE Gallery_Rating (
    gallery_id INTEGER,
    rating_id INTEGER,
    PRIMARY KEY (rating_id, gallery_id),
    FOREIGN KEY (rating_id) REFERENCES Rating(rating_id),
    FOREIGN KEY (gallery_id) REFERENCES Gallery(gallery_id)
);
/* */
DROP TABLE IF EXISTS BodyReferenceImages;
CREATE TABLE BodyReferenceImages (
    referenceimage_id INTEGER PRIMARY KEY,
    reference_imageurl TEXT NOT NULL UNIQUE
);
DROP TABLE IF EXISTS BodyReferenceGallery;
CREATE TABLE BodyReferenceGallery (
    referencegallery_id INTEGER PRIMARY KEY,
    reference_gallery_name TEXT NOT NULL
);
DROP TABLE IF EXISTS BodyReferenceImages_Gallery;
CREATE TABLE BodyReferenceImages_Gallery (
    referencegallery_id INTEGER,
    referenceimage_id INTEGER,
    PRIMARY KEY (referencegallery_id, referenceimage_id),
    FOREIGN KEY (referencegallery_id) REFERENCES BodyReferenceGallery(referencegallery_id),
    FOREIGN KEY (referenceimage_id) REFERENCES BodyReferenceImages(referenceimage_id)
);
/* Artist Insert */
INSERT INTO Artist (artist_id, artist_name, website) VALUES
(1, 'chaosringen', 'https://linktr.ee/chaosringen'),
(2, 'Hamo', 'https://www.pixiv.net/en/users/19574270'),
(3, 'Ozzays', 'https://www.patreon.com/Ozzays041'),
(4, 'SAMANTHA', 'https://www.pixiv.net/en/users/71564281'),
(5, 'Koro', 'https://www.patreon.com/korodraws'),
(6, 'Nikuyaking', 'https://www.pixiv.net/en/users/133883'),
(7, 'Romupand', 'https://romucommss.carrd.co/'),
(8, 'Mijeh', 'https://www.pixiv.net/en/users/72262646'),
(9, 'Mandragoragogo', 'https://www.pixiv.net/en/users/1918296'),
(10, 'Shrinesgate', 'https://www.pixiv.net/en/users/7318862'),
(11, 'Nezi Hs', 'https://skeb.jp/@nezi_hs2'),
(12, 'Iyo Yom', 'https://www.pixiv.net/en/users/12869634'),
(13, 'BushiestGarlic', 'https://baraag.net/@hairyhyur'),
(14, 'Achisa', 'https://ko-fi.com/chihaya72'),
(15, 'Zel', 'https://twitter.com/ZelErohcir'),
(16, 'KaydenLockes', '#'),
(17, 'ayaben', 'https://ayaben.carrd.co'),
(18, 'Kacico', 'https://skeb.jp/@kacico_l2'),
(19, 'Utsuro Atomo', 'https://www.pixiv.net/en/users/5444093'),
(20, 'StefVanian', 'https://www.pixiv.net/en/users/66418548'),
(21, 'Marine', 'https://marinensfwcomms.carrd.co'),
(22, 'AwaBen', 'https://www.pixiv.net/en/users/19307621'),
(23, 'Nashandra', 'https://www.patreon.com/user?u=82092660'),
(24, 'duckchoo', 'https://duckchoo.carrd.co'),
(25, 'ronjou', 'https://ronjou-art.carrd.co'),
(26, 'banibani', 'hhttps://www.pixiv.net/en/users/105032215'),
(27, 'Gusty10RK', 'https://www.pixiv.net/en/users/8683478'),
(28, 'kuusouMIRAI', 'https://skeb.jp/@kuusoumirai_r18'),
(29, 'louis-zai', 'https://www.pixiv.net/en/users/51382421'),
(30, 'UmiNotaCO','https://www.pixiv.net/en/users/67054277'),
(31, 'Cryptid-FF', 'https://aethy.com/@Cryptid_FF@baraag.net'),
(32, 'Pres. Lolichinpo', 'https://www.pixiv.net/en/users/12131473'),
(33, 'Nalú-Chan', 'https://www.patreon.com/naluChaan16'),
(34, 'fuwakura_3', 'https://www.pixiv.net/en/users/101421288'),
(35, 'KuroKolio', 'https://aethy.com/@Kurokolio@baraag.net'),
(36, 'Agapinha ', 'https://aethy.com/@agapinha@baraag.net'),
(37, 'eiyuumuru', 'https://www.pixiv.net/en/users/7004871');
/* Artwork Insert */
INSERT INTO Artwork (artwork_id, artist_id, artwork_url) VALUES
(1, 20, 'https://cw.di-xiv.com/skeb/stefvanian/jan2024/1829007-1.avif'),
(2, 20, 'https://cw.di-xiv.com/skeb/stefvanian/jan2024/1829007-3.avif'),
(3, 20, 'https://cw.di-xiv.com/skeb/stefvanian/jan2024/1829007-4.avif'),
(4, 20, 'https://cw.di-xiv.com/skeb/stefvanian/mar2024/1967029-2.output.avif'),
(5, 20, 'https://cw.di-xiv.com/skeb/stefvanian/mar2024/1967029-3.output.avif'),
(6, 7, 'https://cw.di-xiv.com/twitter/romupand/aug-2023/romupand-aug2023-clothed.avif'),
(7, 5, 'https://cw.di-xiv.com/twitter/korodraws/aug-2023/korodraws-aug2023-clothed.avif'),
(8, 24, 'https://cw.di-xiv.com/twitter/duckchoo/mar2024/sketch-mar2024.avif'),
(9, 7, 'https://cw.di-xiv.com/twitter/romupand/aug-2023/romupand-aug2023-nude.avif'),
(10, 5, 'https://cw.di-xiv.com/twitter/korodraws/aug-2023/korodraws-aug2023-naked.avif'),
(11, 27, 'https://cw.di-xiv.com/twitter/Gusty/jun2024/006-A.avif'),
(12, 17, 'https://cw.di-xiv.com/twitter/ayaben/oct2023/ayaben-fullbody.avif'),
(13, 1, 'https://cw.di-xiv.com/twitter/chaosringen/chaosringen-fullbody-bust.avif'),
(14, 3, 'https://cw.di-xiv.com/twitter/MiFa/jul2023/v1.avif'),
(15, 3, 'https://cw.di-xiv.com/twitter/MiFa/jul2023/v2.avif'),
(16, 3, 'https://cw.di-xiv.com/twitter/MiFa/jul2023/v2(2).avif'),
(17, 3, 'https://cw.di-xiv.com/twitter/MiFa/jul2023/v3.avif'),
(18, 4, 'https://cw.di-xiv.com/twitter/iaminsamity/ych-jul2023.avif'),
(19, 16, 'https://cw.di-xiv.com/twitter/kaydenlockes/buchukisu_1.avif'),
(20, 16, 'https://cw.di-xiv.com/twitter/kaydenlockes/Buchukisu_2.avif'),
(21, 21, 'https://cw.di-xiv.com/twitter/marinesunspice/miqoXfoal/fimblow.avif'),
(22, 21, 'https://cw.di-xiv.com/twitter/marinesunspice/miqoXfoal/fimblow-cum.avif'),
(23, 21, 'https://cw.di-xiv.com/twitter/marinesunspice/miqoXhorse/hxm.avif'),
(24, 21, 'https://cw.di-xiv.com/twitter/marinesunspice/miqoXhorse/hxm-cumxray.avif'),
(25, 21, 'https://cw.di-xiv.com/twitter/marinesunspice/miqoXhorse/mxh.avif'),
(26, 21, 'https://cw.di-xiv.com/twitter/marinesunspice/miqoXhorse/mxh-cumxray.avif'),
(27, 25, 'https://cw.di-xiv.com/twitter/ronjou/jul2024/Illustration72tatsNude.avif'),
(28, 25, 'https://cw.di-xiv.com/twitter/ronjou/mar2024/Illustration72nude.avif'),
(29, 25, 'https://cw.di-xiv.com/twitter/ronjou/mar2024/Illustration72noTats.avif'),
(30, 7, 'https://cw.di-xiv.com/twitter/romupand/jul-2024/di_theblackcat.avif'),
(31, 7, 'https://cw.di-xiv.com/twitter/romupand/jul-2024/di_theblackcat_2.avif'),
(32, 7, 'https://cw.di-xiv.com/twitter/romupand/jul-2024/di_theblackcat_3.avif'),
(33, 7, 'https://cw.di-xiv.com/twitter/romupand/jul-2024/di_theblackcat_4.avif'),
(34, 31, 'https://cw.di-xiv.com/mastodon/cryptid-ff/aug-2024/tbc-concept-loli.avif'),
(35, 31, 'https://cw.di-xiv.com/mastodon/cryptid-ff/aug-2024/tbc-concept-oppailoli.avif'),
(36, 8, 'https://cw.di-xiv.com/skeb/Mijeh/July2023/1547235-1.output.avif'),
(37, 8, 'https://cw.di-xiv.com/skeb/Mijeh/July2023/1547235-2.output.avif'),
(38, 8, 'https://cw.di-xiv.com/skeb/Mijeh/July2023/1547235-3.output.avif'),
(39, 8, 'https://cw.di-xiv.com/skeb/Mijeh/July2023/1547235-4.output.avif'),
(40, 8, 'https://cw.di-xiv.com/skeb/Mijeh/July2023/1547235-5.output.avif'),
(41, 8, 'https://cw.di-xiv.com/skeb/Mijeh/July2023/1547235-6.output.avif'),
(42, 8, 'https://cw.di-xiv.com/skeb/Mijeh/July2023/1547235-7.output.avif'),
(43, 8, 'https://cw.di-xiv.com/skeb/Mijeh/July2023/1547235-8.output.avif'),
(44, 8, 'https://cw.di-xiv.com/skeb/Mijeh/July2023/1547235-9.output.avif'),
(45, 8, 'https://cw.di-xiv.com/skeb/Mijeh/July2023/1547235-10.output.avif'),
(46, 8, 'https://cw.di-xiv.com/skeb/Mijeh/July2023/1547235-11.output.avif'),
(47, 22, 'https://cw.di-xiv.com/skeb/awa_ben/1876666-1.avif'),
(48, 22, 'https://cw.di-xiv.com/skeb/awa_ben/1876666-2.avif'),
(49, 26, 'https://cw.di-xiv.com/skeb/banibani/jun2024/2185792-1.output.avif'),
(50, 26, 'https://cw.di-xiv.com/skeb/banibani/may2023-1/2178511-1.output.avif'),
(51, 26, 'https://cw.di-xiv.com/skeb/banibani/may2023-1/2178511-4.output.avif'),
(52, 2, 'https://cw.di-xiv.com/skeb/hamo19574270/hamo19574270-fullbody.avif'),
(53, 12, 'https://cw.di-xiv.com/skeb/iyo_yom/1582441-signed.avif'),
(54, 12, 'https://cw.di-xiv.com/skeb/iyo_yom/1582441-tandem-nolingerie.avif'),
(55, 28, 'https://cw.di-xiv.com/skeb/kuusouMIRAI/2303557-2.avif'),
(56, 28, 'https://cw.di-xiv.com/skeb/kuusouMIRAI/2303557-1.avif'),
(57, 9, 'https://cw.di-xiv.com/skeb/mandoragogo/aug2023/1544140-1.avif'),
(58, 9, 'https://cw.di-xiv.com/skeb/mandoragogo/aug2023/1544140-2.avif'),
(59, 9, 'https://cw.di-xiv.com/skeb/mandoragogo/aug2023/1544140-5.avif'),
(60, 9, 'https://cw.di-xiv.com/skeb/mandoragogo/aug2023/1544140-6.avif'),
(61, 11, 'https://cw.di-xiv.com/skeb/nezi_hs2/1546854-1.output.avif'),
(62, 6, 'https://cw.di-xiv.com/skeb/nikuyaking1/aug2023.avif'),
(63, 10, 'https://cw.di-xiv.com/skeb/shrinesgate2/sept2023/1544972-1.output.mp4'),
(64, 30, 'https://cw.di-xiv.com/skeb/uminotaco/aug2024/2377799-4.output.avif'),
(65, 30, 'https://cw.di-xiv.com/skeb/uminotaco/aug2024/2377799-1xx.avif'),
(66, 30, 'https://cw.di-xiv.com/skeb/uminotaco/jul2024/2368320-3x.avif'),
(67, 30, 'https://cw.di-xiv.com/skeb/uminotaco/jul2024/2368320-1x.avif'),
(68, 19, 'https://cw.di-xiv.com/skeb/utsuro_atomo/1109b.avif'),
(69, 14, 'https://cw.di-xiv.com/gpose/achisa/oct2023/achisa-1.avif'),
(70, 14, 'https://cw.di-xiv.com/gpose/achisa/oct2023/achisa-2.avif'),
(71, 14, 'https://cw.di-xiv.com/gpose/achisa/oct2023/achisa-3.avif'),
(72, 23, 'https://cw.di-xiv.com/gpose/nashandra/feb2024.avif'),
(73, 13, 'https://cw.di-xiv.com/gpose/hairyhyur/kugane-exposure.avif'),
(74, 13, 'https://cw.di-xiv.com/gpose/hairyhyur/garlean-twins-intermission-steamy.avif'),
(75, 13, 'https://cw.di-xiv.com/gpose/hairyhyur/garlean-twins-deepdive-steamy.avif'),
(76, 15, 'https://cw.di-xiv.com/gpose/zel/giveaway-chained2.avif'),
(77, 15, 'https://cw.di-xiv.com/gpose/zel/giveaway-chained.avif'),
(78, 7, 'https://cw.di-xiv.com/twitter/romupand/aug-2023/romupand-aug2023-full.avif'),
(79, 5, 'https://cw.di-xiv.com/twitter/korodraws/aug-2023/korodraws-aug2023-full.avif'),
(80, 9, 'https://cw.di-xiv.com/skeb/mandoragogo/aug2024/2358030-1.avif'),
(81, 9, 'https://cw.di-xiv.com/skeb/mandoragogo/aug2024/2358030-2.avif'),
(82, 9, 'https://cw.di-xiv.com/skeb/mandoragogo/aug2024/2358030-3.avif'),
(83, 9, 'https://cw.di-xiv.com/skeb/mandoragogo/aug2024/2358030-4.avif'),
(84, 9, 'https://cw.di-xiv.com/skeb/mandoragogo/aug2024/2358030-5.avif'),
(85, 9, 'https://cw.di-xiv.com/skeb/mandoragogo/aug2024/2358030-6.avif'),
(86, 9, 'https://cw.di-xiv.com/skeb/mandoragogo/aug2024/2358030-7.avif'),
(87, 9, 'https://cw.di-xiv.com/skeb/mandoragogo/aug2024/2358030-8.avif'),
(88, 9, 'https://cw.di-xiv.com/skeb/mandoragogo/aug2024/2358030-9.avif'),
(89, 9, 'https://cw.di-xiv.com/skeb/mandoragogo/aug2024/2358030-10.avif'),
(90, 9, 'https://cw.di-xiv.com/skeb/mandoragogo/aug2024/2358030-11.avif'),
(91, 9, 'https://cw.di-xiv.com/skeb/mandoragogo/aug2024/2358030-12.avif'),
(92, 9, 'https://cw.di-xiv.com/skeb/mandoragogo/aug2024/2358030-13.avif'),
(93, 9, 'https://cw.di-xiv.com/skeb/mandoragogo/aug2024/2358030-14.avif'),
(94, 24, 'https://cw.di-xiv.com/twitter/duckchoo/sept2024/blackcatnsfw.avif'),
(95, 32, 'https://cw.di-xiv.com/skeb/Pres_Lolichinpo/sept2024/IMG_4801.avif'),
(96, 32, 'https://cw.di-xiv.com/skeb/Pres_Lolichinpo/sept2024/IMG_4802.avif'),
(97, 32, 'https://cw.di-xiv.com/skeb/Pres_Lolichinpo/sept2024/IMG_4803.avif'),
(98, 32, 'https://cw.di-xiv.com/skeb/Pres_Lolichinpo/sept2024/IMG_4804.avif'),
(99, 33, 'https://cw.di-xiv.com/twitter/naluchan/sept2024/d-chubi-comm.avif'),
(100, 1, 'https://cw.di-xiv.com/twitter/chaosringen/chaosringen-fullbody-sketch.avif'),
(101, 17, 'https://cw.di-xiv.com/twitter/ayaben/oct2023/ayaben-fullbody-bw.avif'),
(102, 34, 'https://cw.di-xiv.com/skeb/fuwakura/sept2024/2446265-2.webp'),
(103, 35, 'https://cw.di-xiv.com/mastodon/kurokolio/sept2024/horsecockhug.avif'),
(104, 36, 'https://cw.di-xiv.com/mastodon/agapinha/sept2024/uxi732.avif'),
(105, 37, 'https://cw.di-xiv.com/mastodon/eiyuumuru/sept2024/oppai-loli-concept.avif');
/* Gallery Insert */
INSERT INTO Gallery (gallery_id, gallery_name) VALUES
(1, 'Jan 2024: Dildo masturbation'),
(2, 'Mar 2024: Incest sex'),
(3, 'Aug 2023: Attire One Sketch'),
(4, 'Aug 2023: Attire One Sketch'),
(5, 'Mar 2024: Fullbody Sketch'),
(6, 'Aug 2023: Character Sheet'),
(7, 'Aug 2023: Character Sheet'),
(8, 'Jun 2024: Halfbody Pin-up'),
(9, 'Oct 2023: Fullbody pink-colored sketch'),
(10, 'Jul 2023: Portrait'),
(11, 'Jul 2023: Tentacles'),
(12, 'Jul 2023: YCH'),
(13, 'Nov 2023: Kiss PoV'),
(14, 'Feb 2024: Horse bestiality'),
(15, 'Jul 2024: Horse bestiality'),
(16, 'Mar 2024: Lingerie Pin-up'),
(17, 'Mar 2024: Lingerie Pin-up'),
(18, 'Jul 2024: Lolicon sex'),
(19, 'Aug 2024: Lolicon shemale Concept'),
(20, 'Jul 2023: Changing room sex'),
(21, 'Feb 2024: Shemale age comparison'),
(22, 'May 2024: Horsecock masturbation'),
(23, 'Jun 2024: Lingerie Pin-ups'),
(24, 'Jul 2023: Horse bestiality'),
(25, 'Sept 2023: Gay trio'),
(26, 'Jun 2024: Dildo masturbation'),
(27, 'Aug 2023: Horse bestiality'),
(28, 'Sept 2023: Anal masturbation'),
(29, 'Aug 2023: Lolicon orgy'),
(30, 'Sept 2023: Lolicon sex'),
(31, 'Aug 2024: Lolicon shemale Concept'),
(32, 'Aug 2024: Oppai-loli shemale Concept'),
(33, 'Nov 2023: Horse bestiality'),
(34, 'Oct 2023: Khloe Aliapoh sex'),
(35, 'Feb 2024: Horse bestiality'),
(36, 'Oct-Nov 2023: Garlean twins sex'),
(37, 'Oct 2023: Nude Pin-up'),
(38, 'Oct 2023: Cage play'),
(39, 'Aug 2023: Character Reference Sheet'),
(40, 'Aug 2023: Character Reference Sheet'),
(41, 'Aug 2024: Incest sex story'),
(42, 'Sept 2024: Body Reference on Attire One'),
(43, 'Sept 2024: Limb masturbation'),
(44, 'Sept 2024: Chibi on Sling Bikiini'),
(45, 'Sept 2024: Cum loop'),
(46, 'Sept 2024: Hugging Horsecock'),
(47, 'Sept 2024: Loli Nurse'),
(48, 'Sept 2024: Oppai-loli concept');
/* Rating Insert */
INSERT INTO Rating (rating_id, rating_name) VALUES
(1, 'SFW'),
(2, 'NSFW'),
(3, "NSFW++");
/* Tag Insert */
INSERT INTO Tag (tag_id, tag_name) VALUES
(1, 'Body Reference'),
(2, 'Bestiality'),
(3, 'Furry'),
(4, 'Horsecock'),
(5, 'Shemale'),
(6, 'GPose'),
(7, 'Solo'),
(8, 'Sketch'),
(9, 'Lolicon'),
(10, 'Group'),
(11, 'Pin-up'),
(12, 'Fullbody'),
(13, 'Halfbody'),
(14, 'Portrait'),
(15, 'Masturbation'),
(16, 'Dildo'),
(17, 'Blowjob'),
(18, 'Sex'),
(19, 'Tentacles'),
(20, 'Nipple Fuck'),
(21, 'Breast milk'),
(22, 'Precum'),
(23, 'Cum'),
(24, 'Attire'),
(25, 'Character Sheet'),
(26, 'Story'),
(27, 'Non-canon representation'),
(28, 'Heavy Censorship'),
(29, 'Lingerie and Swimwear'),
(30, 'Shotacon'),
(31, 'Creampie'),
(32, 'Animated'),
(33, 'Tattoos');
/* Artwork Rating Insert */
INSERT INTO Artwork_Rating (artwork_id, rating_id) VALUES
(1, 2),
(2, 2),
(3, 2),
(4, 3),
(5, 3),
(6, 1),
(7, 1),
(8, 1),
(9, 2),
(10, 2),
(11, 1),
(12, 1),
(13, 1),
(14, 3),
(15, 3),
(16, 3),
(17, 3),
(18, 2),
(19, 2),
(20, 2),
(21, 3),
(22, 3),
(23, 3),
(24, 3),
(25, 3),
(26, 3),
(27, 2),
(28, 2),
(29, 2),
(30, 3),
(31, 3),
(32, 3),
(33, 3),
(34, 3),
(35, 3),
(36, 2),
(37, 2),
(38, 2),
(39, 2),
(40, 2),
(41, 2),
(42, 2),
(43, 2),
(44, 2),
(45, 2),
(46, 2),
(47, 2),
(48, 3),
(49, 2),
(50, 2),
(51, 2),
(52, 3),
(53, 3),
(54, 3),
(55, 2),
(56, 2),
(57, 3),
(58, 3),
(59, 3),
(60, 3),
(61, 2),
(62, 3),
(63, 3),
(64, 3),
(65, 3),
(66, 3),
(67, 3),
(68, 3),
(69, 3),
(70, 3),
(71, 3),
(72, 3),
(73, 2),
(74, 3),
(75, 3),
(76, 3),
(77, 3),
(78, 2),
(79, 2),
(80, 2),
(81, 3),
(82, 1),
(83, 3),
(84, 3),
(85, 3),
(86, 3),
(87, 3),
(88, 3),
(89, 3),
(90, 3),
(91, 3),
(92, 3),
(93, 3),
(94, 2),
(95, 3),
(96, 3),
(97, 3),
(98, 3),
(99, 2),
(100, 1),
(101, 1),
(102, 2),
(103, 3),
(104, 3),
(105, 3);
/* Artwork Tag Insert */
INSERT INTO Artwork_Tag (artwork_id, tag_id) VALUES
(1, 3),
(1, 4),
(1, 5),
(1, 7),
(2, 3),
(2, 4),
(2, 5),
(2, 7),
(2, 15),
(2, 16),
(3, 3),
(3, 4),
(3, 5),
(3, 7),
(3, 15),
(3, 16),
(4, 3),
(4, 4),
(4, 5),
(4, 9),
(4, 10),
(4, 21),
(5, 3),
(5, 4),
(5, 5),
(5, 9),
(5, 10),
(5, 21),
(5, 23),
(5, 31),
(6, 24),
(6, 7),
(6, 11),
(6, 12),
(6, 33),
(7, 24),
(7, 7),
(7, 11),
(7, 12),
(7, 33),
(8, 24),
(8, 7),
(8, 11),
(8, 12),
(8, 33),
(9, 1),
(9, 4),
(9, 5),
(9, 7),
(9, 12),
(9, 33),
(10, 1),
(10, 5),
(10, 4),
(10, 7),
(10, 12),
(10, 33),
(11, 7),
(11, 11),
(11, 13),
(12, 7),
(12, 11),
(12, 12),
(12, 33),
(13, 7),
(13, 14),
(13, 33),
(14, 2),
(14, 4),
(14, 5),
(14, 18),
(14, 19),
(14, 22),
(15, 2),
(15, 4),
(15, 5),
(15, 18),
(15, 19),
(15, 22),
(16, 2),
(16, 4),
(16, 5),
(16, 18),
(16, 19),
(16, 22),
(17, 2),
(17, 4),
(17, 5),
(17, 18),
(17, 19),
(17, 21),
(17, 23),
(17, 31),
(18, 4),
(18, 5),
(18, 18),
(18, 23),
(18, 31),
(19, 7),
(19, 13),
(20, 7),
(20, 13),
(21, 2),
(21, 4),
(21, 5),
(21, 17),
(21, 33),
(22, 2),
(22, 4),
(22, 5),
(22, 17),
(22, 33),
(22, 23),
(23, 2),
(23, 4),
(23, 5),
(23, 18),
(23, 33),
(24, 2),
(24, 4),
(24, 5),
(24, 18),
(24, 23),
(24, 31),
(24, 33),
(25, 2),
(25, 4),
(25, 5),
(25, 18),
(25, 33),
(26, 2),
(26, 4),
(26, 5),
(26, 18),
(26, 23),
(26, 31),
(26, 33),
(27, 4),
(27, 5),
(27, 7),
(27, 11),
(27, 12),
(27, 29),
(27, 33),
(28, 4),
(28, 5),
(28, 7),
(28, 11),
(28, 12),
(29, 4),
(29, 5),
(29, 7),
(29, 11),
(29, 12),
(29, 29),
(30, 4),
(30, 5),
(30, 9),
(30, 18),
(30, 22),
(31, 4),
(31, 5),
(31, 9),
(31, 18),
(32, 4),
(32, 5),
(32, 9),
(32, 18),
(32, 23),
(32, 31),
(33, 4),
(33, 5),
(33, 9),
(33, 18),
(33, 23),
(33, 31),
(34, 4),
(34, 5),
(34, 7),
(34, 9),
(34, 12),
(34, 27),
(35, 4),
(35, 5),
(35, 7),
(35, 12),
(35, 27),
(36, 5),
(36, 7),
(36, 26),
(37, 5),
(37, 7),
(37, 22),
(37, 26),
(38, 5),
(38, 7),
(38, 22),
(38, 26),
(39, 5),
(39, 7),
(39, 15),
(39, 22),
(39, 26),
(40, 5),
(40, 7),
(40, 15),
(40, 22),
(40, 26),
(40, 27),
(41, 5),
(41, 7),
(41, 15),
(41, 22),
(41, 26),
(41, 27),
(42, 5),
(42, 10),
(42, 15),
(42, 23),
(42, 26),
(42, 27),
(43, 5),
(43, 10),
(43, 17),
(43, 18),
(43, 26),
(43, 27),
(44, 5),
(44, 10),
(44, 17),
(44, 18),
(44, 22),
(44, 26),
(44, 27),
(44, 31),
(45, 5),
(45, 10),
(45, 17),
(45, 18),
(45, 23),
(45, 26),
(45, 27),
(45, 31),
(46, 5),
(46, 10),
(46, 17),
(46, 18),
(46, 23),
(46, 26),
(46, 27),
(46, 31),
(47, 4),
(47, 5),
(47, 7),
(47, 11),
(47, 28),
(48, 4),
(48, 5),
(48, 7),
(48, 9),
(48, 11),
(48, 27),
(48, 28),
(49, 4),
(49, 5),
(49, 7),
(49, 11),
(49, 12),
(49, 29),
(50, 4),
(50, 5),
(50, 7),
(50, 11),
(50, 12),
(50, 22),
(51, 4),
(51, 5),
(51, 7),
(51, 12),
(51, 23),
(52, 2),
(52, 4),
(52, 5),
(52, 18),
(52, 23),
(52, 31),
(53, 4),
(53, 5),
(53, 10),
(53, 30),
(54, 4),
(54, 5),
(54, 10),
(54, 18),
(54, 30),
(55, 4),
(55, 5),
(55, 7),
(55, 12),
(55, 15),
(55, 16),
(55, 28),
(56, 4),
(56, 5),
(56, 7),
(56, 12),
(56, 15),
(56, 23),
(56, 28),
(57, 2),
(57, 4),
(57, 5),
(57, 18),
(58, 2),
(58, 4),
(58, 5),
(58, 18),
(58, 23),
(58, 31),
(59, 2),
(59, 4),
(59, 5),
(59, 18),
(60, 2),
(60, 4),
(60, 5),
(60, 18),
(60, 23),
(60, 31),
(61, 4),
(61, 7),
(61, 12),
(61, 15),
(62, 4),
(62, 5),
(62, 9),
(62, 10),
(62, 15),
(62, 17),
(62, 18),
(62, 20),
(62, 21),
(62, 23),
(63, 4),
(63, 5),
(63, 9),
(63, 18),
(63, 22),
(63, 23),
(63, 31),
(63, 32),
(64, 4),
(64, 5),
(64, 9),
(64, 11),
(64, 12),
(64, 27),
(64, 29),
(65, 4),
(65, 5),
(65, 9),
(65, 11),
(65, 12),
(65, 27),
(66, 4),
(66, 5),
(66, 9),
(66, 11),
(66, 12),
(66, 29),
(67, 4),
(67, 5),
(67, 9),
(67, 11),
(67, 12),
(68, 2),
(68, 4),
(68, 5),
(68, 18),
(68, 23),
(68, 31),
(69, 4),
(69, 5),
(69, 6),
(69, 9),
(69, 33),
(70, 4),
(70, 5),
(70, 6),
(70, 9),
(70, 18),
(70, 23),
(70, 31),
(70, 33),
(71, 4),
(71, 5),
(71, 6),
(71, 9),
(71, 17),
(71, 23),
(71, 33),
(72, 2),
(72, 4),
(72, 6),
(72, 5),
(72, 18),
(72, 23),
(72, 31),
(72, 33),
(73, 4),
(73, 5),
(73, 6),
(73, 7),
(73, 11),
(73, 12),
(73, 22),
(73, 33),
(74, 4),
(74, 5),
(74, 6),
(74, 9),
(74, 10),
(74, 15),
(74, 23),
(74, 31),
(74, 33),
(75, 4),
(75, 5),
(75, 6),
(75, 9),
(75, 10),
(75, 18),
(75, 23),
(75, 31),
(75, 33),
(76, 5),
(76, 6),
(76, 9),
(76, 10),
(76, 33),
(77, 5),
(77, 6),
(77, 9),
(77, 10),
(77, 33),
(78, 4),
(78, 5),
(78, 7),
(78, 12),
(78, 33),
(79, 4),
(79, 5),
(79, 7),
(79, 12),
(79, 33),
(80, 26),
(80, 4),
(80, 5),
(80, 7),
(80, 11),
(80, 12),
(80, 29),
(81, 26),
(81, 4),
(81, 5),
(81, 9),
(81, 10),
(81, 11),
(82, 26),
(82, 9),
(82, 10),
(83, 26),
(83, 10),
(83, 9),
(84, 26),
(84, 4),
(84, 5),
(84, 9),
(84, 10),
(84, 15),
(84, 17),
(84, 22),
(85, 4),
(85, 5),
(85, 9),
(85, 10),
(85, 17),
(85, 26),
(85, 23),
(86, 4),
(86, 5),
(86, 9),
(86, 10),
(86, 17),
(86, 26),
(86, 23),
(87, 4),
(87, 5),
(87, 9),
(87, 10),
(87, 18),
(87, 26),
(87, 23),
(87, 31),
(88, 4),
(88, 5),
(88, 9),
(88, 10),
(88, 18),
(88, 26),
(88, 23),
(88, 31),
(89, 4),
(89, 5),
(89, 9),
(89, 10),
(89, 18),
(89, 15),
(89, 17),
(89, 26),
(89, 23),
(89, 31),
(90, 4),
(90, 5),
(90, 9),
(90, 10),
(90, 18),
(90, 26),
(91, 4),
(91, 5),
(91, 9),
(91, 10),
(91, 18),
(91, 23),
(91, 26),
(91, 31),
(92, 4),
(92, 5),
(92, 9),
(92, 10),
(92, 18),
(92, 20),
(92, 26),
(92, 31),
(93, 4),
(93, 5),
(93, 9),
(93, 10),
(93, 15),
(93, 17),
(93, 26),
(94, 1),
(94, 4),
(94, 5),
(94, 7),
(94, 11),
(94, 12),
(94, 24),
(94, 33),
(95, 4),
(95, 5),
(95, 7),
(95, 12),
(95, 27),
(96, 4),
(96, 5),
(96, 7),
(96, 12),
(96, 27),
(97, 4),
(97, 5),
(97, 7),
(97, 12),
(97, 15),
(97, 27),
(98, 4),
(98, 5),
(98, 7),
(98, 12),
(98, 15),
(98, 23),
(98, 27),
(99, 4),
(99, 5),
(99, 7),
(99, 11),
(99, 12),
(99, 27),
(99, 29),
(100, 7),
(100, 8),
(100, 14),
(101, 7),
(101, 8),
(101, 12),
(102, 4),
(102, 5),
(102, 7),
(102, 12),
(102, 23),
(102, 28),
(102, 32),
(103, 2),
(103, 4),
(103, 5),
(103, 9),
(103, 12),
(103, 15),
(103, 22),
(103, 27),
(104, 4),
(104, 5),
(104, 7),
(104, 11),
(104, 27),
(105, 4),
(105, 5),
(105, 7),
(105, 9),
(105, 11),
(105, 12),
(105, 27);
/* Gallery Artwork Artwork Gallery Insert */
INSERT INTO Gallery_Artwork (gallery_id, artwork_id) VALUES
(1, 1),
(1, 2),
(1, 3),
(2, 4),
(2, 5),
(3, 6),
(4, 7),
(5, 8),
(6, 9),
(7, 10),
(8, 11),
(9, 101),
(9, 12),
(10, 100),
(10, 13),
(11, 14),
(11, 15),
(11, 16),
(11, 17),
(12, 18),
(13, 19),
(13, 20),
(14, 21),
(14, 22),
(15, 23),
(15, 24),
(15, 25),
(15, 26),
(16, 27),
(17, 28),
(17, 29),
(18, 30),
(18, 31),
(18, 32),
(18, 33),
(19, 34),
(19, 35),
(20, 36),
(20, 37),
(20, 38),
(20, 39),
(20, 40),
(20, 41),
(20, 42),
(20, 43),
(20, 44),
(20, 45),
(20, 46),
(21, 47),
(21, 48),
(22, 50),
(22, 51),
(23, 49),
(24, 52),
(25, 53),
(25, 54),
(26, 55),
(26, 56),
(27, 57),
(27, 58),
(27, 59),
(27, 60),
(28, 61),
(29, 62),
(30, 63),
(31, 64),
(31, 65),
(32, 66),
(32, 67),
(33, 68),
(34, 69),
(34, 70),
(34, 71),
(35, 72),
(36, 74),
(36, 75),
(37, 73),
(38, 76),
(38, 77),
(39, 78),
(40, 79),
(41, 80),
(41, 81),
(41, 82),
(41, 83),
(41, 84),
(41, 85),
(41, 86),
(41, 87),
(41, 88),
(41, 89),
(41, 90),
(41, 91),
(41, 92),
(41, 93),
(42, 94),
(43, 95),
(43, 96),
(43, 97),
(43, 98),
(44, 99),
(45, 102),
(46, 103),
(47, 104),
(48, 105);
/* Gallery Rating Rating Gallery Insert */
INSERT INTO Gallery_Rating (gallery_id, rating_id) VALUES
(1, 3),
(2, 3),
(3, 1),
(4, 1),
(5, 1),
(6, 2),
(7, 2),
(8, 1),
(9, 1),
(10, 1),
(11, 3),
(12, 2),
(13, 2),
(14, 3),
(15, 3),
(16, 2),
(17, 2),
(18, 3),
(19, 3),
(20, 2),
(21, 3),
(22, 2),
(23, 2),
(24, 3),
(25, 3),
(26, 2),
(27, 3),
(28, 2),
(29, 3),
(30, 3),
(31, 3),
(32, 3),
(33, 3),
(34, 3),
(35, 3),
(36, 3),
(37, 2),
(38, 3),
(39, 2),
(40, 2),
(41, 3),
(42, 2),
(43, 3),
(44, 2),
(45, 2),
(46, 3),
(47, 3),
(48, 3);
/* Rating Tag Tag Rating Insert */
INSERT INTO Rating_Tag (tag_id, rating_id) VALUES
(1, 2),
(2, 3),
(3, 3),
(4, 3),
(5, 2),
(6, 1),
(7, 1),
(8, 1),
(9, 3),
(10, 1),
(11, 1),
(12, 1),
(13, 1),
(14, 1),
(15, 2),
(16, 2),
(17, 2),
(18, 2),
(19, 3),
(20, 3),
(21, 2),
(23, 2),
(22, 2),
(24, 1),
(25, 2),
(26, 1),
(27, 2),
(28, 2),
(29, 2),
(30, 3),
(31, 2),
(32, 1),
(33, 1);
/* BodyReferenceImages Inserts */
INSERT INTO BodyReferenceImages (referenceimage_id, reference_imageurl) VALUES
(1, 'https://refs.di-xiv.com/horsecock/1.avif'),
(2, 'https://refs.di-xiv.com/horsecock/2.avif'),
(3, 'https://refs.di-xiv.com/horsecock/3.avif'),
(4, 'https://refs.di-xiv.com/horsecock/4.avif'),
(5, 'https://refs.di-xiv.com/horsecock/5.avif'),
(6, 'https://refs.di-xiv.com/horsecock/6.avif'),
(7, 'https://refs.di-xiv.com/tattoo/1.avif'),
(8, 'https://refs.di-xiv.com/tattoo/2.avif'),
(9, 'https://refs.di-xiv.com/tattoo/3.avif'),
(10, 'https://refs.di-xiv.com/tattoo/4.avif'),
(11, 'https://refs.di-xiv.com/tattoo/5.avif'),
(12, 'https://refs.di-xiv.com/tattoo/tattoo-texture-1.avif'),
(13, 'https://refs.di-xiv.com/tattoo/tattoo-texture-2.avif'),
(14, 'https://refs.di-xiv.com/hairstyles/alessandra/1.avif'),
(15, 'https://refs.di-xiv.com/hairstyles/alessandra/2.avif'),
(16, 'https://refs.di-xiv.com/hairstyles/alessandra/3.avif'),
(17, 'https://refs.di-xiv.com/hairstyles/alessandra/4.avif'),
(18, 'https://refs.di-xiv.com/hairstyles/alessandra/5.avif'),
(19, 'https://refs.di-xiv.com/hairstyles/ebyssia/1.avif'),
(20, 'https://refs.di-xiv.com/hairstyles/ebyssia/2.avif'),
(21, 'https://refs.di-xiv.com/hairstyles/ebyssia/3.avif'),
(22, 'https://refs.di-xiv.com/hairstyles/ebyssia/4.avif'),
(23, 'https://refs.di-xiv.com/hairstyles/ebyssia/5.avif'),
(24, 'https://refs.di-xiv.com/hairstyles/fifthteen/1.avif'),
(25, 'https://refs.di-xiv.com/hairstyles/fifthteen/2.avif'),
(26, 'https://refs.di-xiv.com/hairstyles/fifthteen/3.avif'),
(27, 'https://refs.di-xiv.com/hairstyles/fifthteen/4.avif'),
(28, 'https://refs.di-xiv.com/hairstyles/fifthteen/5.avif'),
(29, 'https://refs.di-xiv.com/hairstyles/fifthteen/6.avif'),
(30, 'https://refs.di-xiv.com/hairstyles/fifthteen/7.avif'),
(31, 'https://refs.di-xiv.com/hairstyles/fifthteen/8.avif'),
(32, 'https://refs.di-xiv.com/hairstyles/thorns/1.avif'),
(33, 'https://refs.di-xiv.com/hairstyles/thorns/2.avif'),
(34, 'https://refs.di-xiv.com/hairstyles/thorns/3.avif'),
(35, 'https://refs.di-xiv.com/hairstyles/thorns/4.avif'),
(36, 'https://refs.di-xiv.com/hairstyles/twinkletwinkle/1.avif'),
(37, 'https://refs.di-xiv.com/hairstyles/twinkletwinkle/2.avif'),
(38, 'https://refs.di-xiv.com/hairstyles/twinkletwinkle/3.avif'),
(39, 'https://refs.di-xiv.com/hairstyles/twinkletwinkle/4.avif'),
(40, 'https://refs.di-xiv.com/freckles/1.avif'),
(41, 'https://refs.di-xiv.com/freckles/2.avif'),
(42, 'https://refs.di-xiv.com/freckles/3.avif'),
(43, 'https://refs.di-xiv.com/freckles/4.avif'),
(44, 'https://refs.di-xiv.com/attires/one/1.avif'),
(45, 'https://refs.di-xiv.com/attires/one/2.avif'),
(46, 'https://refs.di-xiv.com/attires/one/3.avif'),
(47, 'https://refs.di-xiv.com/attires/one/4.avif'),
(48, 'https://refs.di-xiv.com/attires/one/5.avif'),
(49, 'https://refs.di-xiv.com/attires/two/1.avif'),
(50, 'https://refs.di-xiv.com/attires/two/2.avif'),
(51, 'https://refs.di-xiv.com/attires/two/3.avif'),
(52, 'https://refs.di-xiv.com/attires/two/4.avif'),
(53, 'https://refs.di-xiv.com/attires/three/1.avif'),
(54, 'https://refs.di-xiv.com/attires/three/2.avif'),
(55, 'https://refs.di-xiv.com/attires/three/3.avif'),
(56, 'https://refs.di-xiv.com/attires/three/4.avif');
/* BodyReferenceGallery Inserts */
INSERT INTO BodyReferenceGallery (referencegallery_id, reference_gallery_name) VALUES
(1, 'Horsecock'),
(2, 'Fullbody with tattoos'),
(3, 'Fullbody without tattoos'),
(4, 'Hairstyle: Alessandra'),
(5, 'Hairstyle: Ebyssia'),
(6, 'Hairstyle: Fifthteen'),
(7, 'Hairstyle: Thorns'),
(8, 'Hairstyle: Twinkle Twinkle'),
(9, 'Attire One'),
(10, 'Attire Two'),
(11, 'Attire Three');
/* BodyReferenceImages_Gallery Inserts */
INSERT INTO BodyReferenceImages_Gallery (referencegallery_id, referenceimage_id) VALUES
(1, 1),
(1, 2),
(1, 3),
(1, 4),
(1, 5),
(1, 6),
(2, 7),
(2, 8),
(2, 9),
(2, 10),
(2, 11),
(2, 12),
(2, 13),
(3, 40),
(3, 41),
(3, 42),
(3, 43),
(4, 14),
(4, 15),
(4, 16),
(4, 17),
(4, 18),
(5, 19),
(5, 20),
(5, 21),
(5, 22),
(5, 23),
(6, 24),
(6, 25),
(6, 26),
(6, 27),
(6, 28),
(6, 29),
(6, 30),
(6, 31),
(7, 32),
(7, 33),
(7, 34),
(7, 35),
(8, 36),
(8, 37),
(8, 38),
(8, 39),
(9, 44),
(9, 45),
(9, 46),
(9, 47),
(9, 48),
(10, 49),
(10, 50),
(10, 51),
(10, 52),
(11, 53),
(11, 54),
(11, 55),
(11, 56);
